iterations,x_final,y_final
98,5.60813156969104,4.01881707838894
