iterations,x_final,y_final,mean_x,mean_y
144,10.0191894687817,3.22841247556921,9.99422715285894,3.22704032988673
