iterations,x_final,y_final,mean_x,mean_y
144,10.0015693160673,3.23638587946108,9.97660637373661,3.23502517736445
