iterations,x_final,y_final,mean_x,mean_y
144,10.0022899883106,3.21449623301983,9.97732877815454,3.21310411680807
